NOM;Prenom;Sexe;Langue;Option1;Option2
AREOLA;Axel;Garcon;Espagnol;Theatre;Latin
BOSSIS;Beatrice;Fille;Espagnol;;
CHAUVEAU;Charles;Garcon;Allemand;Sport;
DIGART;Donald;Garcon;Allemand;Latin;
EVILE;Esteban;Garcon;Espagnol;LanguesPlus;
FINALE;Francoise;Fille;Espagnol;;
GRAND;Gerard;Garcon;Allemand;;
HERAULT;Harlett;Fille;Espagnol;Latin;Sport
IMMUE;Ingrid;Fille;Espagnol;Theatre;
JACQUET;Jade;Fille;Allemand;;
KART;Killian;Garcon;Espagnol;;
LUETTE;Lucas;Garcon;Espagnol;;
MONART;Michelle;Fille;Espagnol;Latin;
NACHARD;Nathalie;Fille;Allemand;Latin;Theatre
ORMEAU;Oscar;Garcon;Espagnol;Latin;LanguesPlus
POULIE;Patricia;Fille;Allemand;;
